{"cameraMode":{"drawMode":0,"name":"Shaded","section":"Shading Mode"},"sceneLighting":true,"audioPlay":false,"sceneViewState":{"showFog":true,"showMaterialUpdate":false,"showSkybox":true,"showFlares":true,"showImageEffects":true,"showParticleSystems":true,"showVisualEffectGraphs":true,"m_FxEnabled":true},"in2DMode":false,"pivot":{"x":0.3762389123439789,"y":0.014563079923391343,"z":88.06847381591797},"rotation":{"x":-0.007808363530784845,"y":0.01891048066318035,"z":-0.00014807884872425348,"w":-0.9997979402542114},"size":6.101151943206787,"orthographic":false}