{"cameraMode":{"drawMode":0,"name":"Shaded","section":"Shading Mode"},"sceneLighting":true,"audioPlay":false,"sceneViewState":{"showFog":true,"showMaterialUpdate":false,"showSkybox":true,"showFlares":true,"showImageEffects":true,"showParticleSystems":true,"showVisualEffectGraphs":true,"m_FxEnabled":true},"in2DMode":false,"pivot":{"x":374.9297790527344,"y":275.52569580078127,"z":-15.416259765625},"rotation":{"x":0.0041852351278066639,"y":0.048892516642808917,"z":0.00020445520931389183,"w":-0.9988029599189758},"size":317.5348205566406,"orthographic":false}